{
    "$schema": "https://schemas.wp.org/trunk/theme.json",
    "version": 2,
    "templateParts": [
        {
            "name": "header",
            "area": "header"
        },
        {
            "name": "footer",
            "area": "footer"
        }
    ],
    "settings": {
		"appearanceTools": true,
        "spacing": {
            "blockGap": null,
            "units": [
                "%",
                "px",
                "em",
                "rem",
                "vh",
                "vw"
            ]
        },
        "typography": {
            "dropCap": false
        }
    },
    "styles": {
        "spacing": {
            "blockGap": "0"
        }
    }
}